id,observed_on_string,observed_on,time_observed_at,time_zone,user_id,user_login,place_state_name,created_at,updated_at,quality_grade,license,url,image_url,sound_url,tag_list,description,num_identification_agreements,num_identification_disagreements,captive_cultivated,oauth_application_id,place_guess,latitude,longitude,positional_accuracy,private_place_guess,private_latitude,private_longitude,public_positional_accuracy,geoprivacy,taxon_geoprivacy,coordinates_obscured,positioning_method,positioning_device,place_town_name,place_county_name,,place_country_name,place_admin1_name,place_admin2_name
2382565,Sat Nov 14 2015 09:29:11 GMT-1000 (HST),11/14/2015,2015-11-14 19:29:11 UTC,Hawaii,31867,colinmorita,Hawaii,2015-11-15 09:35:12 UTC,2021-11-15 00:00:37 UTC,research,CC-BY-NC,http://www.inaturalist.org/observations/2382565,https://inaturalist-open-data.s3.amazonaws.com/photos/2655640/medium.jpg,,,,2,0,FALSE,3,"Punahou School, Honolulu, HI, US",21.303878,-157.826675,500,,,,500,,,FALSE,,,,Honolulu,,United States,Hawaii,Honolulu
4139176,Wed Sep 14 2016 18:32:19 GMT-0700 (PDT),9/14/2016,2016-09-15 01:32:19 UTC,Pacific Time (US & Canada),326244,ksm4933,California,2016-09-18 14:33:05 UTC,2019-01-06 15:53:52 UTC,research,CC-BY-NC,http://www.inaturalist.org/observations/4139176,https://inaturalist-open-data.s3.amazonaws.com/photos/4926009/medium.jpg,,,Updated image ,2,0,FALSE,3,"Los Angeles County, US-CA, US",34.092375,-118.1751417,,,,,,,,FALSE,,,,Los Angeles,,United States,California,Los Angeles
6843385,2017/06/07 10:30 AM CDT,6/7/2017,2017-06-07 15:30:00 UTC,Central Time (US & Canada),147168,eric_keith,Texas,2017-06-29 03:02:03 UTC,2018-06-08 16:11:36 UTC,research,CC-BY-NC,https://www.inaturalist.org/observations/6843385,https://inaturalist-open-data.s3.amazonaws.com/photos/8717211/medium.jpg,,,One large tree with numerous seedlings scattered in forest in Estero Llano Grande SP.  ,1,0,FALSE,,"Hidalgo County, TX, USA",26.12651489,-97.95841047,,,,,,,,FALSE,,,,Hidalgo,,United States,Texas,Hidalgo
7437319,Thu Aug 10 2017 12:18:15 GMT-0700 (PDT),8/10/2017,2017-08-10 19:18:15 UTC,Pacific Time (US & Canada),551650,sashajwright,California,2017-08-10 19:19:22 UTC,2018-06-08 16:14:03 UTC,research,,https://www.inaturalist.org/observations/7437319,https://static.inaturalist.org/photos/9668653/medium.jpg,,,,1,0,FALSE,3,"California State University, Los Angeles, Los Angeles, CA, US",34.06686188,-118.167002,5,,,,5,,,FALSE,,,,Los Angeles,,United States,California,Los Angeles
7963440,2017/09/16 1:48 PM PDT,9/16/2017,2017-09-16 20:48:00 UTC,Pacific Time (US & Canada),228955,hikingsandiego,California,2017-09-17 16:49:39 UTC,2021-03-02 03:28:31 UTC,research,CC-BY,https://www.inaturalist.org/observations/7963440,https://inaturalist-open-data.s3.amazonaws.com/photos/10522776/medium.jpeg,,,,2,0,FALSE,,"Poway, CA, USA",32.95191944,-117.04735,,,,,,,,FALSE,,,,San Diego,,United States,California,San Diego
10437737,2018-03-26 2:39:37 PM EDT,3/26/2018,2018-03-26 18:39:37 UTC,Eastern Time (US & Canada),349183,joemdo,Florida,2018-03-26 21:20:23 UTC,2018-10-13 14:58:51 UTC,research,CC-BY-NC,https://www.inaturalist.org/observations/10437737,https://inaturalist-open-data.s3.amazonaws.com/photos/14504234/medium.jpeg,,,,2,0,FALSE,2,"450 SW 40th St, Coral Gables, FL 33146, USA",25.73449674,-80.26319097,9,,,,9,,,FALSE,,,City of Coral Gables,Miami-Dade,,United States,Florida,Miami-Dade
11441416,2018-04-25 6:41:37 PM CDT,4/25/2018,2018-04-25 23:41:37 UTC,Central Time (US & Canada),740731,cicada_rap_battle,Texas,2018-04-26 03:38:16 UTC,2018-04-26 04:01:20 UTC,research,CC-BY-NC,https://www.inaturalist.org/observations/11441416,https://inaturalist-open-data.s3.amazonaws.com/photos/16320524/medium.jpeg,,,,1,0,FALSE,2,"13 Kennedy Ave, McAllen, TX 78501, USA",26.19915199,-98.26557159,,,,,,,,FALSE,gps,gps,,Hidalgo,,United States,Texas,Hidalgo
11505676,Fri Apr 27 2018 10:11:45 GMT-0500 (CDT),4/27/2018,2018-04-27 15:11:45 UTC,Central Time (US & Canada),147447,wahine4462,Texas,2018-04-27 16:17:32 UTC,2022-04-14 03:00:01 UTC,research,CC-BY-NC,https://www.inaturalist.org/observations/11505676,https://inaturalist-open-data.s3.amazonaws.com/photos/16423502/medium.jpg,,,,3,0,FALSE,3,"495 Owens Rd, Brownsville, TX, US",25.91322044,-97.46160306,5,,,,5,,,FALSE,,,,Cameron,,United States,Texas,Cameron
11591827,2018/04/27 4:04 PM UTC,4/27/2018,,UTC,772582,vanwest,Texas,2018-04-28 10:45:51 UTC,2018-06-08 16:07:20 UTC,research,CC-BY,https://www.inaturalist.org/observations/11591827,https://static.inaturalist.org/photos/16558158/medium.jpeg,,,,2,0,FALSE,,"Texas, US",26.03645841,-97.61870738,165,,,,29891,obscured,,TRUE,,,,Cameron,,United States,Texas,Cameron
11707499,2018/04/27 3:19 PM CDT,4/27/2018,2018-04-27 20:19:00 UTC,Central Time (US & Canada),12103,johnyochum,Texas,2018-04-29 03:05:50 UTC,2018-05-02 00:47:53 UTC,research,CC-BY,https://www.inaturalist.org/observations/11707499,https://inaturalist-open-data.s3.amazonaws.com/photos/16736734/medium.jpg,,,,1,0,FALSE,,"Hidalgo County, TX, USA",26.12396598,-97.95780406,201,,,,201,,,FALSE,,,,Hidalgo,,United States,Texas,Hidalgo
11840675,2018/04/29 10:44 AM PDT,4/29/2018,2018-04-29 17:44:00 UTC,Pacific Time (US & Canada),220795,neontetraploid,California,2018-04-30 03:27:05 UTC,2022-06-15 04:19:14 UTC,research,CC-BY-NC,https://www.inaturalist.org/observations/11840675,https://inaturalist-open-data.s3.amazonaws.com/photos/16940988/medium.jpeg,,,Naturalized,2,0,FALSE,,"Arcadia, CA, USA",34.14362024,-118.0524263,624,,,,624,,,FALSE,,,,Los Angeles,,United States,California,Los Angeles
12520769,2018/05/11 7:30 PM CDT,5/11/2018,2018-05-12 00:30:00 UTC,Central Time (US & Canada),22589,sambiology,Texas,2018-05-16 19:02:12 UTC,2019-11-09 22:13:00 UTC,research,CC-BY,https://www.inaturalist.org/observations/12520769,https://inaturalist-open-data.s3.amazonaws.com/photos/18078692/medium.jpeg,,,"Before putting up the blacklights at Estero Llano Grande State Park for the evening, Tony and I walked around and listened to some birds.  We also spotted some really odd escapee plants!",1,0,FALSE,,"Hidalgo County, TX, USA",26.12328623,-97.95933014,4,,,,4,,,FALSE,,,,Hidalgo,,United States,Texas,Hidalgo
13580092,2018-06-19 8:37:36 AM CDT,6/19/2018,2018-06-19 13:37:36 UTC,Central Time (US & Canada),765379,murphyae,Texas,2018-06-19 13:45:26 UTC,2018-06-19 19:19:19 UTC,research,CC-BY-NC,https://www.inaturalist.org/observations/13580092,https://inaturalist-open-data.s3.amazonaws.com/photos/19971895/medium.jpeg,,,,1,0,FALSE,2,"1201 W University Dr, Edinburg, TX 78541, USA",26.30445474,-98.17465517,24,,,,24,,,FALSE,,,,Hidalgo,,United States,Texas,Hidalgo
14312707,Fri Jul 13 2018 08:25:03 GMT-0400 (EDT),7/13/2018,2018-07-13 12:25:03 UTC,Eastern Time (US & Canada),844056,culloa27,Florida,2018-07-13 12:34:40 UTC,2019-06-01 23:28:42 UTC,research,,https://www.inaturalist.org/observations/14312707,https://static.inaturalist.org/photos/21260653/medium.jpg,,,,1,0,FALSE,3,"51 NW 40th St, Miami, FL, US",25.81345788,-80.19656984,8,,,,8,,,FALSE,,,,Miami-Dade,,United States,Florida,Miami-Dade
16275533,Thu Sep 06 2018 15:39:37 GMT-1000 (HST),9/6/2018,2018-09-07 01:39:37 UTC,Hawaii,1148588,shaowid,Hawaii,2018-09-07 01:39:44 UTC,2022-07-20 19:05:06 UTC,research,,https://www.inaturalist.org/observations/16275533,https://static.inaturalist.org/photos/24439347/medium.jpg,,,,2,0,FALSE,3,"University of Hawaiʻi Maui College, Kahului, HI, US",20.8901656,-156.4782754,5,,,,5,,,FALSE,,,,Maui,,United States,Hawaii,Maui
17690104,Sat Oct 20 2018 16:04:43 GMT-0500 (CDT),10/20/2018,2018-10-20 21:04:43 UTC,Central Time (US & Canada),487352,najevb2,Texas,2018-10-20 21:04:58 UTC,2018-10-21 00:05:17 UTC,research,CC-BY-NC,https://www.inaturalist.org/observations/17690104,https://inaturalist-open-data.s3.amazonaws.com/photos/26960605/medium.jpg,,,,1,0,FALSE,3,"8201 N FM 1015, Mercedes, TX, US",26.23634373,-97.96090423,5,,,,5,,,FALSE,,,,Hidalgo,,United States,Texas,Hidalgo
18429517,2018-11-16 11:18:26 AM EST,11/16/2018,2018-11-16 16:18:26 UTC,Eastern Time (US & Canada),698268,taktani,Florida,2018-11-16 16:19:41 UTC,2019-12-06 13:05:34 UTC,research,,https://www.inaturalist.org/observations/18429517,https://static.inaturalist.org/photos/28173179/medium.jpeg,,,Volunteer on bridge,1,0,FALSE,2,"601 Northwest Blvd, Miami, FL 33126, USA",25.77714234,-80.32036593,7,,,,7,,,FALSE,,,,Miami-Dade,,United States,Florida,Miami-Dade
19432391,Mon Dec 31 2018 13:11:31 GMT-0600 (CST),12/31/2018,2018-12-31 19:11:31 UTC,Central Time (US & Canada),784273,rojas_angela,Texas,2019-01-05 03:00:14 UTC,2019-04-20 13:50:16 UTC,research,,https://www.inaturalist.org/observations/19432391,https://static.inaturalist.org/photos/29893974/medium.jpg,,,She will not be denied ,1,0,FALSE,3,"1325 La Posada Dr, Brownsville, TX, US",25.887755,-97.44653333,24,,,,24,,,FALSE,,,,Cameron,,United States,Texas,Cameron
20312867,2013/06/26 9:36 PM CDT,6/26/2013,2013-06-27 02:36:00 UTC,Central Time (US & Canada),147168,eric_keith,Hawaii,2019-02-13 01:58:39 UTC,2021-11-14 23:51:28 UTC,research,CC-BY-NC,https://www.inaturalist.org/observations/20312867,https://inaturalist-open-data.s3.amazonaws.com/photos/31363583/medium.jpg,,,,2,0,FALSE,,"Downtown, Honolulu, HI, USA",21.31575559,-157.8574375,110,,,,110,,,FALSE,,,,Honolulu,,United States,Hawaii,Honolulu
20561321,Fri Feb 22 2019 13:13:54 GMT-0500 (EST),2/22/2019,2019-02-22 18:13:54 UTC,Eastern Time (US & Canada),277896,noaboa,Florida,2019-02-22 21:53:33 UTC,2022-06-29 14:35:58 UTC,research,CC-BY,https://www.inaturalist.org/observations/20561321,https://static.inaturalist.org/photos/31744036/medium.jpg,,,,1,0,FALSE,3,"378 Westward Dr, Miami Springs, FL, US",25.82044167,-80.28636167,65,,,,65,,,FALSE,,,,Miami-Dade,,United States,Florida,Miami-Dade
24008715,2019/04/29 1:43 AM CDT,4/29/2019,2019-04-29 06:43:00 UTC,Central Time (US & Canada),1698142,mnnsaide,Texas,2019-04-29 20:04:43 UTC,2020-05-06 19:37:20 UTC,research,CC-BY-NC,https://www.inaturalist.org/observations/24008715,https://inaturalist-open-data.s3.amazonaws.com/photos/37131481/medium.jpeg,,,,1,0,FALSE,,"Weslaco, TX, USA",26.1595194,-97.9908366,6011,,,,6011,,,FALSE,,,,Hidalgo,,United States,Texas,Hidalgo
24013141,Mon Apr 29 2019 16:11:13 GMT-0400 (EDT),4/29/2019,2019-04-29 20:11:13 UTC,Eastern Time (US & Canada),1526496,redheadedtreegirl,Florida,2019-04-29 20:21:31 UTC,2019-06-01 23:18:37 UTC,research,CC-BY-NC,https://www.inaturalist.org/observations/24013141,https://inaturalist-open-data.s3.amazonaws.com/photos/37141251/medium.jpg,,,,1,0,FALSE,3,"6231 SW 78th St, South Miami, FL, US",25.69863333,-80.29427167,4,,,,4,,,FALSE,,,,Miami-Dade,,United States,Florida,Miami-Dade
24630700,Sun May 05 2019 16:29:54 GMT-0700 (PDT),5/5/2019,2019-05-05 23:29:54 UTC,Pacific Time (US & Canada),1699974,riti,California,2019-05-05 23:32:29 UTC,2019-06-01 23:27:37 UTC,research,CC-BY-NC,https://www.inaturalist.org/observations/24630700,https://inaturalist-open-data.s3.amazonaws.com/photos/38085045/medium.jpg,,,,1,0,FALSE,3,"2210 Pelham Ave, Los Angeles, CA, US",34.04617783,-118.4268883,26,,,,26,,,FALSE,,,,Los Angeles,,United States,California,Los Angeles
25180350,Wed May 15 2019 16:05:44 GMT-0500 (CDT),5/15/2019,2019-05-15 16:05:44 UTC,UTC,1693543,pilgrim2soldier,Texas,2019-05-15 21:07:08 UTC,2019-05-18 00:52:42 UTC,research,CC-BY-NC,https://www.inaturalist.org/observations/25180350,https://inaturalist-open-data.s3.amazonaws.com/photos/38977114/medium.jpg,,,,1,0,FALSE,3,"6612 E St, Mercedes, TX, US",26.22245982,-97.96368032,5,,,,5,,,FALSE,,,,Hidalgo,,United States,Texas,Hidalgo
25631421,2019-05-23 2:44:10 PM EDT,5/23/2019,2019-05-23 18:44:10 UTC,Eastern Time (US & Canada),698268,taktani,Florida,2019-05-23 18:54:37 UTC,2019-06-01 23:27:20 UTC,research,,https://www.inaturalist.org/observations/25631421,https://static.inaturalist.org/photos/39721127/medium.jpeg,,,Growing from Sabal palmetto,1,0,FALSE,2,"Busway & SW 136 St, Kendall, FL 33176, USA",25.64436303,-80.3341388,17,,,,17,,,FALSE,gps,gps,,Miami-Dade,,United States,Florida,Miami-Dade
26079461,Thu May 30 2019 13:36:02 GMT-0400 (EDT),5/30/2019,2019-05-30 17:36:02 UTC,Eastern Time (US & Canada),277896,noaboa,Florida,2019-05-30 20:58:38 UTC,2022-06-29 14:35:58 UTC,research,CC-BY,https://www.inaturalist.org/observations/26079461,https://static.inaturalist.org/photos/40462146/medium.jpg,,,,2,0,FALSE,3,"260 Aragon Ave, Coral Gables, FL, US",25.75012167,-80.25937833,12,,,,12,,,FALSE,,,City of Coral Gables,Miami-Dade,,United States,Florida,Miami-Dade
27121676,Fri Jun 07 2019 11:18:07 GMT-0500 (CDT),6/7/2019,2019-06-07 11:18:07 UTC,UTC,852000,jennapeep,Texas,2019-06-16 23:21:36 UTC,2022-04-14 02:59:03 UTC,research,,https://www.inaturalist.org/observations/27121676,https://static.inaturalist.org/photos/42164608/medium.jpg,,,Tiny sweet smelling fruits grow all over the twigs ,2,0,FALSE,3,"120 King St, Brownsville, TX, US",25.91124667,-97.49865,10,,,,10,,,FALSE,,,,Cameron,,United States,Texas,Cameron
27391293,Fri Jun 21 2019 15:01:18 GMT-0400 (EDT),6/21/2019,2019-06-21 19:01:18 UTC,Eastern Time (US & Canada),666584,veggiecheeseburgerpizza,Florida,2019-06-21 19:01:35 UTC,2019-06-22 14:30:55 UTC,research,,https://www.inaturalist.org/observations/27391293,https://static.inaturalist.org/photos/42613752/medium.jpg,,,,1,0,FALSE,3,"631 N Thornton Ave, Orlando, FL, US",28.55256307,-81.36561921,64,,,,64,,,FALSE,,,,Orange,,United States,Florida,Orange
28017594,Mon Jul 01 2019 07:59:25 GMT-0400 (EDT),7/1/2019,2019-07-01 11:59:25 UTC,Eastern Time (US & Canada),1935321,rdajlb,Florida,2019-07-01 20:48:51 UTC,2019-08-19 04:49:34 UTC,research,,https://www.inaturalist.org/observations/28017594,https://static.inaturalist.org/photos/43646169/medium.jpg,,,,2,0,FALSE,3,"4106–4148 S Douglas Rd, Miami, FL, US",25.714445,-80.25302167,10,,,,10,,,FALSE,,,,Miami-Dade,,United States,Florida,Miami-Dade
28426636,Mon Jul 08 2019 07:30:41 GMT-0400 (EDT),7/8/2019,2019-07-08 11:30:41 UTC,Eastern Time (US & Canada),277896,noaboa,Florida,2019-07-08 11:48:41 UTC,2022-06-29 14:35:58 UTC,research,CC-BY,https://www.inaturalist.org/observations/28426636,https://static.inaturalist.org/photos/44313516/medium.jpg,,,,1,0,FALSE,3,"18905 SW 280th St, Homestead, FL, US",25.507555,-80.49960333,4,,,,4,,,FALSE,,,,Miami-Dade,,United States,Florida,Miami-Dade
28697138,2019-07-12 5:56:40 PM EDT,7/12/2019,2019-07-12 21:56:40 UTC,Eastern Time (US & Canada),240389,plruiz,Florida,2019-07-12 22:01:41 UTC,2022-01-05 11:59:28 UTC,research,CC-BY-ND,https://www.inaturalist.org/observations/28697138,https://static.inaturalist.org/photos/44751138/medium.jpeg,,,,1,0,FALSE,2,"Leisure City, FL, USA",25.50122767,-80.43827066,8,,,,8,,,FALSE,,,,Miami-Dade,,United States,Florida,Miami-Dade
29128942,Fri Jul 19 2019 12:13:40 GMT-0700 (PDT),7/19/2019,2019-07-19 19:13:40 UTC,Pacific Time (US & Canada),1924278,chandayan,California,2019-07-19 19:13:51 UTC,2019-08-19 04:49:27 UTC,research,CC-BY-NC,https://www.inaturalist.org/observations/29128942,https://inaturalist-open-data.s3.amazonaws.com/photos/45447173/medium.jpg,,,,1,0,FALSE,3,"38–54 S De Lacey Ave, Pasadena, CA, US",34.14527404,-118.1522016,10,,,,10,,,FALSE,,,,Los Angeles,,United States,California,Los Angeles
30544993,Sat Aug 10 2019 11:38:07 GMT-0400 (EDT),8/10/2019,2019-08-10 15:38:07 UTC,Eastern Time (US & Canada),505921,briandiaz,Florida,2019-08-10 15:51:52 UTC,2020-04-25 23:00:50 UTC,research,,https://www.inaturalist.org/observations/30544993,https://static.inaturalist.org/photos/47725828/medium.jpg,,,,2,0,FALSE,3,"Allapattah-Comstock Park, Miami, FL, US",25.80086798,-80.22407871,5,,,,5,,,FALSE,,,,Miami-Dade,,United States,Florida,Miami-Dade
30646960,2019-08-11 6:24:50 PM EDT,8/11/2019,2019-08-11 22:24:50 UTC,Eastern Time (US & Canada),1335909,sharonious,Florida,2019-08-11 22:26:42 UTC,2019-08-19 04:48:59 UTC,research,CC-BY-NC,https://www.inaturalist.org/observations/30646960,https://inaturalist-open-data.s3.amazonaws.com/photos/47890730/medium.jpeg,,,,2,0,FALSE,2,"Hialeah, FL 33013, USA",25.84834388,-80.26704102,18,,,,18,,,FALSE,,,,Miami-Dade,,United States,Florida,Miami-Dade
31559182,Mon Aug 26 2019 10:23:18 GMT-0700 (PDT),8/26/2019,2019-08-26 17:23:18 UTC,Pacific Time (US & Canada),1956845,harry101,California,2019-08-26 17:24:28 UTC,2019-10-22 17:12:31 UTC,research,,https://www.inaturalist.org/observations/31559182,https://static.inaturalist.org/photos/49403256/medium.jpg,,,,1,0,FALSE,3,"Rotary Dr, Los Angeles, CA, US",34.09232149,-118.2683372,10,,,,10,,,FALSE,,,,Los Angeles,,United States,California,Los Angeles
32901430,2019-09-17 11:45:28 AM EDT,9/17/2019,2019-09-17 15:45:28 UTC,Eastern Time (US & Canada),154438,birdizlife,Florida,2019-09-17 17:43:30 UTC,2019-12-15 00:46:05 UTC,research,CC-BY-NC,https://www.inaturalist.org/observations/32901430,https://inaturalist-open-data.s3.amazonaws.com/photos/51638281/medium.jpeg,,,,1,0,FALSE,2,"Miami, FL 33156, USA",25.68055534,-80.27278137,,,,,,,,FALSE,gps,gps,City of Coral Gables,Miami-Dade,,United States,Florida,Miami-Dade
32901678,2019-09-17 11:36:30 AM EDT,9/17/2019,2019-09-17 15:36:30 UTC,Eastern Time (US & Canada),154438,birdizlife,Florida,2019-09-17 17:48:26 UTC,2020-09-30 00:57:20 UTC,research,CC-BY-NC,https://www.inaturalist.org/observations/32901678,https://inaturalist-open-data.s3.amazonaws.com/photos/51638750/medium.jpeg,,,,1,0,FALSE,2,"Miami, FL 33156, USA",25.68111038,-80.27249908,,,,,,,,FALSE,gps,gps,City of Coral Gables,Miami-Dade,,United States,Florida,Miami-Dade
33775252,Wed Oct 02 2019 13:06:22 GMT-0400 (EDT),10/2/2019,2019-10-02 17:06:22 UTC,Eastern Time (US & Canada),1106551,adamold,Florida,2019-10-02 23:18:26 UTC,2019-11-03 18:34:40 UTC,research,CC0,https://www.inaturalist.org/observations/33775252,https://inaturalist-open-data.s3.amazonaws.com/photos/53082344/medium.jpg,,,,1,0,FALSE,3,"NW 16th St, Miami, FL, US",25.79041667,-80.197425,31,,,,31,,,FALSE,,,,Miami-Dade,,United States,Florida,Miami-Dade
35749521,Sat Nov 16 2019 15:19:04 GMT-0500 (EST),11/16/2019,2019-11-16 20:19:04 UTC,Eastern Time (US & Canada),1106551,adamold,Florida,2019-11-16 20:26:01 UTC,2019-11-17 16:05:37 UTC,research,CC0,https://www.inaturalist.org/observations/35749521,https://inaturalist-open-data.s3.amazonaws.com/photos/56408134/medium.jpg,,,,1,0,FALSE,3,"Roberto Clemente Park, Miami, FL, US",25.808295,-80.19817167,12,,,,12,,,FALSE,,,,Miami-Dade,,United States,Florida,Miami-Dade
35858326,Tue Nov 19 2019 11:11:59 GMT-0800 (PST),11/19/2019,2019-11-19 11:11:59 UTC,UTC,1311912,ddodaro,California,2019-11-19 19:13:45 UTC,2020-09-20 23:41:41 UTC,research,,https://www.inaturalist.org/observations/35858326,https://static.inaturalist.org/photos/56597599/medium.jpg,,,,2,0,FALSE,3,"Cedar Rd, Vista, CA, US",33.187195,-117.2855617,10,,,,10,,,FALSE,,,,San Diego,,United States,California,San Diego
38224025,2018/07/02 11:28 AM EDT,7/2/2018,2018-07-02 15:28:00 UTC,Eastern Time (US & Canada),1366955,bruceholst,Florida,2020-02-02 17:46:55 UTC,2020-02-27 19:43:51 UTC,research,CC-BY-NC,https://www.inaturalist.org/observations/38224025,https://inaturalist-open-data.s3.amazonaws.com/photos/60716644/medium.jpeg,,"Bruce_Holst_photog, Elling_Eide_Center, Ficus_religiosa, Florida, Moraceae, Orchard_126, Sarasota_County",,0,0,FALSE,,"Sarasota County, FL, USA",27.23272141,-82.50306532,278,,,,278,,,FALSE,,,,Sarasota,,United States,Florida,Sarasota
38430052,2020-02-08T09:48:14,2/8/2020,2020-02-08 09:48:14 UTC,UTC,1685976,suedallman,Texas,2020-02-08 17:51:01 UTC,2020-12-20 17:55:42 UTC,research,CC-BY-NC,https://www.inaturalist.org/observations/38430052,https://inaturalist-open-data.s3.amazonaws.com/photos/61075102/medium.jpeg,,,,0,0,FALSE,333,Laredo,27.97462393,-99.24316869,,,,,,,,FALSE,,,,Webb,,United States,Texas,Webb
38806604,2019-12-28T14:39:22-10:00,12/28/2019,2019-12-29 00:39:22 UTC,Hawaii,100254,dfrohlich,Hawaii,2020-02-18 20:19:23 UTC,2021-11-14 23:31:20 UTC,research,CC-BY-NC,https://www.inaturalist.org/observations/38806604,https://inaturalist-open-data.s3.amazonaws.com/photos/61731974/medium.jpeg,,,Naturalized near AC unit ,2,0,FALSE,333,Waianae,21.43993833,-158.1562805,,,,,,,,FALSE,,,,Honolulu,,United States,Hawaii,Honolulu
39253486,2019/02/13 10:45 AM HST,2/13/2019,2019-02-13 20:45:00 UTC,Hawaii,100254,dfrohlich,Hawaii,2020-02-26 20:45:22 UTC,2020-04-04 16:30:52 UTC,research,CC-BY-NC,https://www.inaturalist.org/observations/39253486,https://inaturalist-open-data.s3.amazonaws.com/photos/62252485/medium.jpg,,,,2,0,FALSE,,"North Shore, Waialua, HI, USA",21.64168889,-158.0558167,10,,,,10,,,FALSE,,,,Honolulu,,United States,Hawaii,Honolulu
40672250,2020/03/23 4:29 PM EDT,3/23/2020,2020-03-23 20:29:00 UTC,Eastern Time (US & Canada),349183,joemdo,Florida,2020-03-25 01:24:26 UTC,2021-01-21 15:58:47 UTC,research,CC-BY-NC,https://www.inaturalist.org/observations/40672250,https://inaturalist-open-data.s3.amazonaws.com/photos/64471621/medium.jpg,,,ID suggested by iNaturalist,3,0,FALSE,,"Miami-Dade, Florida, United States",25.69156669,-80.34828758,15,,,,15,,,FALSE,,,,Miami-Dade,,United States,Florida,Miami-Dade
42628061,2020/04/19 3:13 PM EDT,4/19/2020,2020-04-19 19:13:00 UTC,Eastern Time (US & Canada),349183,joemdo,Florida,2020-04-20 00:12:36 UTC,2020-06-25 11:40:47 UTC,research,CC-BY-NC,https://www.inaturalist.org/observations/42628061,https://inaturalist-open-data.s3.amazonaws.com/photos/67690103/medium.jpg,,,Growing on wall of palmetto expressway,1,0,FALSE,,"Miami-Dade, Florida, United States",25.77662853,-80.31922258,15,,,,15,,,FALSE,,,,Miami-Dade,,United States,Florida,Miami-Dade
43793303,Sun Apr 26 2020 19:57:23 GMT-0500 (CDT),4/26/2020,2020-04-26 19:57:23 UTC,UTC,2837736,ybloom,Texas,2020-04-27 01:01:46 UTC,2020-04-27 21:06:18 UTC,research,CC-BY-NC,https://www.inaturalist.org/observations/43793303,https://inaturalist-open-data.s3.amazonaws.com/photos/69456647/medium.jpg,,,,1,0,FALSE,3,"S Missouri Ave, Weslaco, TX, US",26.14880732,-97.9910412,5,,,,5,,,FALSE,,,,Hidalgo,,United States,Texas,Hidalgo
44773980,2019/09/04 10:02 AM EDT,9/4/2019,2019-09-04 14:02:00 UTC,Eastern Time (US & Canada),26405,obrock,Florida,2020-05-03 19:02:45 UTC,2020-05-04 01:32:52 UTC,research,CC-BY-NC,https://www.inaturalist.org/observations/44773980,https://inaturalist-open-data.s3.amazonaws.com/photos/70979384/medium.jpeg,,,,1,0,FALSE,,"Rotary Park Environmental Center, Cape Coral, FL 33914, USA",26.5467642,-81.9819332,314,,,,314,,,FALSE,,,,Lee,,United States,Florida,Lee
45099375,2020/05/06 3:07 PM EDT,5/6/2020,2020-05-06 19:07:00 UTC,Eastern Time (US & Canada),2831185,ceherzog,Florida,2020-05-06 19:34:37 UTC,2022-06-28 23:13:36 UTC,research,CC-BY,https://www.inaturalist.org/observations/45099375,https://inaturalist-open-data.s3.amazonaws.com/photos/71499426/medium.jpeg,,,,1,0,FALSE,,"Siesta Key, FL 34242, USA",27.27003105,-82.55662416,4,,,,4,,,FALSE,,,,Sarasota,,United States,Florida,Sarasota
46014237,2020-05-15 4:20:28 PM CDT,5/15/2020,2020-05-15 16:20:28 UTC,UTC,2546442,alovegren,Texas,2020-05-15 21:22:01 UTC,2022-08-15 18:01:07 UTC,research,CC-BY-NC,https://www.inaturalist.org/observations/46014237,https://inaturalist-open-data.s3.amazonaws.com/photos/72980113/medium.jpeg,,,,2,0,FALSE,2,"Harlingen, TX, USA",26.08951049,-97.71238963,9,,,,9,,,FALSE,,,,Cameron,,United States,Texas,Cameron
46719393,2020-05-20 1:44:19 PM PDT,5/20/2020,2020-05-20 20:44:19 UTC,Pacific Time (US & Canada),2961297,oscarbucio,California,2020-05-21 13:36:48 UTC,2022-07-07 20:19:07 UTC,research,,https://www.inaturalist.org/observations/46719393,https://static.inaturalist.org/photos/74097345/medium.jpeg,,,,1,0,FALSE,2,"Valley / Vineburn, Los Angeles, CA 90032, USA",34.06349444,-118.1900667,,,,,,,,FALSE,gps,gps,,Los Angeles,,United States,California,Los Angeles
46767491,2020-05-21 4:48:07 PM EDT,5/21/2020,2020-05-21 20:48:07 UTC,Eastern Time (US & Canada),3018806,lessthanavgplayer,Florida,2020-05-21 20:49:13 UTC,2020-06-23 14:46:21 UTC,research,,https://www.inaturalist.org/observations/46767491,https://static.inaturalist.org/photos/74169374/medium.jpeg,,,,2,0,FALSE,2,"Miami, FL 33142, USA",25.81882607,-80.25740137,6,,,,6,,,FALSE,,,,Miami-Dade,,United States,Florida,Miami-Dade
46786057,Thu May 21 2020 19:47:26 GMT-0400 (EDT),5/21/2020,2020-05-21 23:47:26 UTC,Eastern Time (US & Canada),2856449,robmcm210,Florida,2020-05-21 23:47:54 UTC,2020-05-22 15:54:16 UTC,research,CC-BY-NC,https://www.inaturalist.org/observations/46786057,https://inaturalist-open-data.s3.amazonaws.com/photos/74198756/medium.jpg,,,,1,0,FALSE,3,"The Silver Fox, Doral, FL, US",25.81386426,-80.364489,16,,,,16,,,FALSE,,,,Miami-Dade,,United States,Florida,Miami-Dade
47509271,2020-05-27 10:01:45 AM EDT,5/27/2020,2020-05-27 14:01:45 UTC,Eastern Time (US & Canada),2893618,sandrae34242,Florida,2020-05-27 14:03:54 UTC,2020-05-28 02:38:27 UTC,research,CC-BY-NC,https://www.inaturalist.org/observations/47509271,https://inaturalist-open-data.s3.amazonaws.com/photos/75354835/medium.jpeg,,,,1,0,FALSE,2,"Us 41 @ 5515 South Tamiami Trl NB, Florida 34231, USA",27.27312853,-82.53068477,4,,,,4,,,FALSE,,,,Sarasota,,United States,Florida,Sarasota
48904643,Mon Jun 08 2020 09:14:19 GMT-0400 (EDT),6/8/2020,2020-06-08 13:14:19 UTC,Eastern Time (US & Canada),728926,ritasteyn,Florida,2020-06-08 13:14:28 UTC,2022-07-25 17:43:28 UTC,research,,https://www.inaturalist.org/observations/48904643,https://static.inaturalist.org/photos/79806243/medium.jpg,,,,2,0,FALSE,3,"E 15th Ave, Tampa, FL, US",27.96590265,-82.43967514,32,,,,32,,,FALSE,,,,Hillsborough,,United States,Florida,Hillsborough
48953988,Mon Jun 08 2020 11:45:17 GMT-0400 (EDT),6/8/2020,2020-06-08 15:45:17 UTC,Eastern Time (US & Canada),1527905,meilinkc,Florida,2020-06-08 21:04:52 UTC,2020-06-08 22:20:22 UTC,research,CC-BY-NC,https://www.inaturalist.org/observations/48953988,https://inaturalist-open-data.s3.amazonaws.com/photos/77696667/medium.jpg,,,,1,0,FALSE,3,"36th Ave E, Palmetto, FL, US",27.53060833,-82.52739667,32,,,,32,,,FALSE,,,,Manatee,,United States,Florida,Manatee
50472460,2020/01/08 9:59 AM EST,1/8/2020,2020-01-08 14:59:00 UTC,Eastern Time (US & Canada),27743,jaykeller,Florida,2020-06-21 21:17:06 UTC,2020-06-23 14:40:37 UTC,research,,https://www.inaturalist.org/observations/50472460,https://static.inaturalist.org/photos/80140753/medium.jpg,,,,1,0,FALSE,,"Allapattah, Miami, FL, USA",25.78937647,-80.21594419,,,,,,,,FALSE,,,,Miami-Dade,,United States,Florida,Miami-Dade
50897858,Wed Jun 24 2020 09:04:57 GMT-0500 (CDT),6/24/2020,2020-06-24 19:04:57 UTC,Hawaii,920420,jessdabess,Texas,2020-06-25 16:46:40 UTC,2020-06-28 13:40:45 UTC,research,,https://www.inaturalist.org/observations/50897858,https://static.inaturalist.org/photos/80843692/medium.jpg,,,,1,0,FALSE,3,"Lakeview Dr, Weslaco, TX, US",26.12341117,-97.958405,5,,,,5,,,FALSE,,,,Hidalgo,,United States,Texas,Hidalgo
57232009,Sat Aug 22 2020 12:12:08 GMT-0400 (EDT),8/22/2020,2020-08-22 16:12:08 UTC,Eastern Time (US & Canada),3497508,akjamzzz,Florida,2020-08-22 16:23:16 UTC,2020-09-10 02:59:45 UTC,research,,https://www.inaturalist.org/observations/57232009,https://static.inaturalist.org/photos/91271180/medium.jpg,,,,1,0,FALSE,3,"Anna Maria Island, Anna Maria, FL, US",27.52588116,-82.73664984,502,,,,502,,,FALSE,,,,Manatee,,United States,Florida,Manatee
57874881,2020-08-28 7:15:55 PM EDT,8/28/2020,2020-08-28 23:15:55 UTC,Eastern Time (US & Canada),2828257,mariareyesmiami,Florida,2020-08-28 23:18:34 UTC,2020-09-07 00:16:16 UTC,research,,https://www.inaturalist.org/observations/57874881,https://static.inaturalist.org/photos/92353084/medium.jpeg,,,,1,0,FALSE,2,Miami,25.76167976,-80.19179028,16829,,,,16829,,,FALSE,gps,gps,,Miami-Dade,,United States,Florida,Miami-Dade
58414891,Thu Sep 03 2020 10:14:17 GMT-0400 (EDT),9/3/2020,2020-09-03 14:14:17 UTC,Eastern Time (US & Canada),2419342,mrush12,Florida,2020-09-03 14:15:14 UTC,2020-09-03 20:23:30 UTC,research,CC-BY-NC,https://www.inaturalist.org/observations/58414891,https://inaturalist-open-data.s3.amazonaws.com/photos/93261637/medium.jpg,,,,1,0,FALSE,3,"North Port, FL, US",27.01790302,-82.32068229,5,,,,5,,,FALSE,,,,Sarasota,,United States,Florida,Sarasota
58428512,Thu Sep 03 2020 12:44:03 GMT-0400 (EDT),9/3/2020,2020-09-03 16:44:03 UTC,Eastern Time (US & Canada),541210,kristicees,Florida,2020-09-03 16:54:07 UTC,2020-09-03 23:17:22 UTC,research,,https://www.inaturalist.org/observations/58428512,https://static.inaturalist.org/photos/93283580/medium.jpg,,,,2,0,FALSE,3,"NE Fourth Ave, Miami, FL, US",25.79250753,-80.18873179,57,,,,57,,,FALSE,,,,Miami-Dade,,United States,Florida,Miami-Dade
61203508,Tue Sep 29 2020 08:25:04 GMT-0400 (EDT),9/29/2020,2020-09-29 12:25:04 UTC,Eastern Time (US & Canada),63502,aphaywood,Florida,2020-09-29 12:25:58 UTC,2020-10-01 13:10:28 UTC,research,CC-BY-NC,https://www.inaturalist.org/observations/61203508,https://inaturalist-open-data.s3.amazonaws.com/photos/97911907/medium.jpg,,,,2,0,FALSE,3,"Inagua Ave, Miami, FL, US",25.73850259,-80.23482626,6,,,,6,,,FALSE,,,,Miami-Dade,,United States,Florida,Miami-Dade
61471612,Fri Oct 02 2020 08:07:56 GMT-0400 (EDT),10/2/2020,2020-10-02 12:07:56 UTC,Eastern Time (US & Canada),283176,queentut1,Florida,2020-10-02 12:41:26 UTC,2020-10-21 01:59:32 UTC,research,CC-BY-NC,https://www.inaturalist.org/observations/61471612,https://inaturalist-open-data.s3.amazonaws.com/photos/98372489/medium.jpg,,,,1,0,FALSE,3,"Fifth Ave N, Saint Petersburg, FL, US",27.77750833,-82.64035833,,,,,,,,FALSE,,,,Pinellas,,United States,Florida,Pinellas
61726511,2020-10-04 6:42:06 PM EDT,10/4/2020,2020-10-04 22:42:06 UTC,Eastern Time (US & Canada),3606045,ymond002,Florida,2020-10-04 22:42:49 UTC,2020-12-03 06:07:48 UTC,research,,https://www.inaturalist.org/observations/61726511,https://static.inaturalist.org/photos/98804057/medium.jpeg,,,,1,0,FALSE,2,"Miami, FL 33181, USA",25.8880842,-80.16179999,8,,,,8,,,FALSE,,,,Miami-Dade,,United States,Florida,Miami-Dade
61951926,2020-10-07T11:35:34-04:00,10/7/2020,2020-10-07 15:35:34 UTC,UTC,1427071,ebaldino,Florida,2020-10-07 15:36:33 UTC,2020-10-07 17:29:10 UTC,research,CC-BY-NC,https://www.inaturalist.org/observations/61951926,https://inaturalist-open-data.s3.amazonaws.com/photos/99197835/medium.jpeg,,,,1,0,FALSE,333,Doral,25.79788152,-80.32536244,88,,,,88,,,FALSE,,,,Miami-Dade,,United States,Florida,Miami-Dade
64377645,Sat Nov 07 2020 13:49:45 GMT-0500 (EST),11/7/2020,2020-11-07 18:49:45 UTC,Eastern Time (US & Canada),2809521,birtysue,Florida,2020-11-07 18:50:50 UTC,2020-12-28 04:11:46 UTC,research,CC-BY-NC,https://www.inaturalist.org/observations/64377645,https://inaturalist-open-data.s3.amazonaws.com/photos/103489361/medium.jpg,,,,2,0,FALSE,3,"Turtle Island, Naples, FL, US",26.11327811,-81.71745232,65,,,,65,,,FALSE,,,,Collier,,United States,Florida,Collier
65060288,2020/11/15 10:24 AM EST,11/15/2020,2020-11-15 15:24:00 UTC,Eastern Time (US & Canada),87743,bennypoo,Florida,2020-11-17 05:27:33 UTC,2020-11-18 01:23:56 UTC,research,CC-BY-NC,https://www.inaturalist.org/observations/65060288,https://inaturalist-open-data.s3.amazonaws.com/photos/104690464/medium.jpeg,,,,1,0,FALSE,,"Coral Gables, FL, USA",25.68169386,-80.27187606,22,,,,22,,,FALSE,,,City of Coral Gables,Miami-Dade,,United States,Florida,Miami-Dade
65421984,Sun Nov 22 2020 12:56:18 GMT-0600 (CST),11/22/2020,2020-11-22 12:56:18 UTC,UTC,3617226,tira2,Texas,2020-11-22 18:59:03 UTC,2020-11-22 23:29:02 UTC,research,,https://www.inaturalist.org/observations/65421984,https://static.inaturalist.org/photos/105295444/medium.jpg,,,,1,0,FALSE,3,"Weslaco, TX, US",26.11612593,-98.02882548,5714,,,,5714,,,FALSE,,,,Hidalgo,,United States,Texas,Hidalgo
65538342,Tue Nov 24 2020 12:36:31 GMT-0500 (EST),11/24/2020,2020-11-24 17:36:31 UTC,Eastern Time (US & Canada),2831185,ceherzog,Florida,2020-11-24 17:37:33 UTC,2020-11-27 18:18:47 UTC,research,CC-BY,https://www.inaturalist.org/observations/65538342,https://inaturalist-open-data.s3.amazonaws.com/photos/105502794/medium.jpg,,,,1,0,FALSE,3,"Siesta Key, Sarasota, FL, US",27.27002667,-82.55655335,9,,,,9,,,FALSE,,,,Sarasota,,United States,Florida,Sarasota
66488628,Sat Dec 12 2020 12:57:44 GMT-1000 (HST),12/12/2020,2020-12-12 22:57:44 UTC,Hawaii,302562,kyhlaustin,Hawaii,2020-12-12 22:58:12 UTC,2022-05-06 03:46:43 UTC,research,CC-BY-NC,https://www.inaturalist.org/observations/66488628,https://inaturalist-open-data.s3.amazonaws.com/photos/107194522/medium.jpg,,,,1,0,FALSE,3,"Hawaii, US",21.27280309,-157.923549,5,,,,30396,obscured,,TRUE,,,,Honolulu,,United States,Hawaii,Honolulu
66983727,2020-12-23 4:44:31 PM PST,12/23/2020,2020-12-24 02:44:31 UTC,Hawaii,2472249,mr_ice,California,2020-12-24 00:45:34 UTC,2022-07-07 20:18:53 UTC,research,,https://www.inaturalist.org/observations/66983727,https://static.inaturalist.org/photos/108111292/medium.jpeg,,,,1,0,FALSE,2,"Balboa Park, San Diego, CA, USA",32.73621372,-117.158189,5,,,,5,,,FALSE,,,,San Diego,,United States,California,San Diego
67019229,2020-12-24 12:54:10-08:00,12/24/2020,2020-12-24 20:54:10 UTC,Pacific Time (US & Canada),3694775,ash055,California,2020-12-24 20:54:24 UTC,2022-07-07 20:18:43 UTC,research,CC-BY-NC,https://www.inaturalist.org/observations/67019229,https://inaturalist-open-data.s3.amazonaws.com/photos/108176907/medium.jpeg,,,,1,0,FALSE,333,Poway,32.95183126,-117.0471895,30,,,,30,,,FALSE,,,,San Diego,,United States,California,San Diego
67033523,2020/12/24 4:09 PM CST,12/24/2020,2020-12-24 22:09:00 UTC,Central Time (US & Canada),792319,djringer,Texas,2020-12-25 05:24:19 UTC,2022-04-14 02:57:59 UTC,research,CC-BY-NC,https://www.inaturalist.org/observations/67033523,https://inaturalist-open-data.s3.amazonaws.com/photos/108203406/medium.jpg,,,"Growing from the corner of a roof, presumably dropped by a bird?",1,0,FALSE,,"Mitte Cultural District, Brownsville, TX 78520, USA",25.91566129,-97.49613747,1,,,,1,,,FALSE,,,,Cameron,,United States,Texas,Cameron
67200171,2020-12-28T12:14:54-05:00,12/28/2020,2020-12-28 17:14:54 UTC,UTC,1685976,suedallman,Florida,2020-12-28 17:15:22 UTC,2020-12-28 23:25:06 UTC,research,CC-BY-NC,https://www.inaturalist.org/observations/67200171,https://inaturalist-open-data.s3.amazonaws.com/photos/108513720/medium.jpeg,,,,1,0,FALSE,333,Miami,25.78439072,-80.1937087,65,,,,65,,,FALSE,,,,Miami-Dade,,United States,Florida,Miami-Dade
68519734,Sat Jan 23 2021 17:42:11 GMT-0600 (CST),1/23/2021,2021-01-23 22:42:11 UTC,Eastern Time (US & Canada),264861,brandonwoo,Texas,2021-01-24 00:23:56 UTC,2021-01-25 02:54:42 UTC,research,,https://www.inaturalist.org/observations/68519734,https://static.inaturalist.org/photos/110968493/medium.jpg,,,,1,0,FALSE,3,"Brownsville, TX, US",25.95662799,-97.54275703,158,,,,158,,,FALSE,,,,Cameron,,United States,Texas,Cameron
68576470,Sun Jan 24 2021 08:35:36 GMT-0600 (CST),1/24/2021,2021-01-24 00:35:36 UTC,Beijing,161086,cypselurus,Texas,2021-01-25 00:45:52 UTC,2021-05-14 01:31:00 UTC,research,CC-BY-NC,https://www.inaturalist.org/observations/68576470,https://inaturalist-open-data.s3.amazonaws.com/photos/111077082/medium.jpg,,,,1,0,FALSE,3,"Lakeview Dr, Weslaco, TX, US",26.12621667,-97.958305,5,,,,5,,,FALSE,,,,Hidalgo,,United States,Texas,Hidalgo
68621367,1996-03-08 4:40:00 PM CST,3/8/1996,1996-03-08 16:40:00 UTC,UTC,3900591,jacob0307,Texas,2021-01-26 00:56:34 UTC,2021-01-26 13:52:07 UTC,research,CC-BY-NC,https://www.inaturalist.org/observations/68621367,https://inaturalist-open-data.s3.amazonaws.com/photos/111162885/medium.jpeg,,,,1,0,FALSE,2,"Harlingen, TX 78552, USA",26.15162253,-97.77764976,134,,,,134,,,FALSE,gps,gps,,Cameron,,United States,Texas,Cameron
68746514,2021/01/28 4:28 PM UTC,1/28/2021,2021-01-28 16:28:00 UTC,UTC,3969525,kstatick,Texas,2021-01-29 03:03:39 UTC,2021-01-29 20:58:16 UTC,research,CC-BY-NC,https://www.inaturalist.org/observations/68746514,https://inaturalist-open-data.s3.amazonaws.com/photos/111393397/medium.jpg,,,Monte Bella Trails Park,1,0,FALSE,,"Brownsville, TX, USA",25.95708889,-97.54643333,,,,,,,,FALSE,,,,Cameron,,United States,Texas,Cameron
70525750,Wed Mar 03 2021 18:20:53 GMT-0500 (EST),3/3/2021,2021-03-03 23:20:53 UTC,Eastern Time (US & Canada),2831185,ceherzog,Florida,2021-03-03 23:21:46 UTC,2021-03-07 15:26:23 UTC,research,CC-BY,https://www.inaturalist.org/observations/70525750,https://inaturalist-open-data.s3.amazonaws.com/photos/114670300/medium.jpg,,,On cabbage palm,2,0,FALSE,3,"Siesta Key, Sarasota, FL, US",27.27002669,-82.55658371,4,,,,4,,,FALSE,,,,Sarasota,,United States,Florida,Sarasota
71580668,2021/03/19 4:15 PM EDT,3/19/2021,2021-03-19 20:15:00 UTC,Eastern Time (US & Canada),349183,joemdo,Florida,2021-03-19 23:22:30 UTC,2021-03-20 01:00:32 UTC,research,CC-BY-NC,https://www.inaturalist.org/observations/71580668,https://inaturalist-open-data.s3.amazonaws.com/photos/116562241/medium.jpeg,,,,1,0,FALSE,,"Glenvar Heights, FL, USA",25.70716498,-80.3338851,35,,,,35,,,FALSE,,,,Miami-Dade,,United States,Florida,Miami-Dade
72121989,2021-03-26 6:49:20 PM EDT,3/26/2021,2021-03-26 22:49:20 UTC,Eastern Time (US & Canada),3993333,chenxu_han,Florida,2021-03-26 22:51:38 UTC,2021-03-27 02:33:05 UTC,research,CC-BY-NC,https://www.inaturalist.org/observations/72121989,https://inaturalist-open-data.s3.amazonaws.com/photos/117534387/medium.jpeg,,,,2,0,FALSE,2,"Granada, Coral Gables, FL, 美国",25.76218532,-80.28662594,7,,,,7,,,FALSE,,,City of Coral Gables,Miami-Dade,,United States,Florida,Miami-Dade
72733406,2021/04/02 4:19 PM EDT,4/2/2021,2021-04-02 20:19:00 UTC,Eastern Time (US & Canada),349183,joemdo,Florida,2021-04-02 23:35:27 UTC,2021-04-02 23:51:51 UTC,research,CC-BY-NC,https://www.inaturalist.org/observations/72733406,https://inaturalist-open-data.s3.amazonaws.com/photos/118627288/medium.jpg,,,,1,0,FALSE,,"Flagami, Miami, FL, USA",25.77061201,-80.3083935,8,,,,8,,,FALSE,,,,Miami-Dade,,United States,Florida,Miami-Dade
74100920,Thu Apr 15 2021 14:48:27 GMT-1000 (HST),4/15/2021,2021-04-16 00:48:27 UTC,Hawaii,1314436,atp_synthaz3,Hawaii,2021-04-16 01:40:50 UTC,2021-04-16 07:19:52 UTC,research,,https://www.inaturalist.org/observations/74100920,https://static.inaturalist.org/photos/121070387/medium.jpg,,,,1,0,FALSE,3,"Foster Botanical Garden, Honolulu, HI, US",21.31743,-157.8575283,4,,,,4,,,FALSE,,,,Honolulu,,United States,Hawaii,Honolulu
74208653,Fri Apr 16 2021 18:10:23 GMT -1000 (HST),4/16/2021,2021-04-17 04:10:23 UTC,Hawaii,3403,davidr,Hawaii,2021-04-17 04:10:42 UTC,2021-04-17 06:38:03 UTC,research,CC-BY-NC,https://www.inaturalist.org/observations/74208653,https://inaturalist-open-data.s3.amazonaws.com/photos/121258757/medium.jpeg,,,,1,0,FALSE,333,Honolulu,21.33749962,-157.837326,65,,,,65,,,FALSE,,,,Honolulu,,United States,Hawaii,Honolulu
76469800,2021/05/01 11:21 AM HST,5/1/2021,2021-05-01 21:21:00 UTC,Hawaii,321317,kevinfaccenda,Hawaii,2021-05-02 09:09:38 UTC,2021-06-08 03:12:18 UTC,research,CC-BY,https://www.inaturalist.org/observations/76469800,https://inaturalist-open-data.s3.amazonaws.com/photos/125087966/medium.jpg,,,,1,0,FALSE,,"Manoa, Honolulu, HI, USA",21.30545558,-157.8268113,76,,,,76,,,FALSE,,,,Honolulu,,United States,Hawaii,Honolulu
76477399,2021/05/01 1:01 PM HST,5/1/2021,2021-05-01 23:01:00 UTC,Hawaii,321317,kevinfaccenda,Hawaii,2021-05-02 09:53:18 UTC,2021-05-09 19:07:30 UTC,research,CC-BY,https://www.inaturalist.org/observations/76477399,https://inaturalist-open-data.s3.amazonaws.com/photos/125098685/medium.jpg,,,,1,0,FALSE,,"Manoa, Honolulu, HI, USA",21.31810243,-157.8026015,15,,,,15,,,FALSE,,,,Honolulu,,United States,Hawaii,Honolulu
77072484,Mon May 03 2021 12:38:12 GMT-0400 (EDT),5/3/2021,2021-05-03 16:38:12 UTC,Eastern Time (US & Canada),780605,linacas,Florida,2021-05-03 20:51:25 UTC,2021-05-04 12:58:09 UTC,research,CC-BY-NC-ND,https://www.inaturalist.org/observations/77072484,https://inaturalist-open-data.s3.amazonaws.com/photos/126039353/medium.jpg,,,,1,0,FALSE,3,"Pullman Park, Miami, FL, US",25.82061167,-80.19651667,4,,,,4,,,FALSE,,,,Miami-Dade,,United States,Florida,Miami-Dade
79669409,Fri May 21 2021 13:36:43 GMT-0400 (EDT),5/21/2021,2021-05-21 17:36:43 UTC,Eastern Time (US & Canada),4449558,kaceiana,Florida,2021-05-21 17:38:23 UTC,2021-05-21 23:33:58 UTC,research,,https://www.inaturalist.org/observations/79669409,https://static.inaturalist.org/photos/130509743/medium.jpg,,,,1,0,FALSE,3,"NW 192nd Terr, Miami Gardens, FL, US",25.95113488,-80.22331074,5,,,,5,,,FALSE,,,,Miami-Dade,,United States,Florida,Miami-Dade
81948620,Sun Jun 06 2021 18:59:11 GMT-0400 (EDT),6/6/2021,2021-06-06 22:59:11 UTC,Eastern Time (US & Canada),19780,damonmoore,Florida,2021-06-06 23:30:14 UTC,2021-06-07 00:40:47 UTC,research,CC-BY-NC,https://www.inaturalist.org/observations/81948620,https://static.inaturalist.org/photos/134451231/medium.jpg,,,,1,0,FALSE,3,"Sixth Ave W, Bradenton, FL, US",27.49236333,-82.56585,7,,,,7,,,FALSE,,,,Manatee,,United States,Florida,Manatee
85169046,Wed Jun 30 2021 12:14:41 GMT-1000 (HST),6/30/2021,2021-06-30 22:14:41 UTC,Hawaii,1314436,atp_synthaz3,Hawaii,2021-07-01 03:21:11 UTC,2021-07-01 08:27:41 UTC,research,,https://www.inaturalist.org/observations/85169046,https://static.inaturalist.org/photos/140089792/medium.jpg,,,,1,0,FALSE,3,"Oʻahu, Honolulu, HI, US",21.30023833,-157.8584883,15,,,,15,,,FALSE,,,,Honolulu,,United States,Hawaii,Honolulu
87417661,Sat Jul 17 2021 12:26:21 GMT-0400 (EDT),7/17/2021,2021-07-17 16:26:21 UTC,Eastern Time (US & Canada),4726810,tropicalzone10,Florida,2021-07-17 16:26:24 UTC,2021-07-22 00:33:36 UTC,research,CC-BY-NC,https://www.inaturalist.org/observations/87417661,https://inaturalist-open-data.s3.amazonaws.com/photos/144123912/medium.jpg,,,,2,0,FALSE,3,"Pine Island, Bokeelia, FL, US",26.64954845,-82.12486304,2282,,,,2282,,,FALSE,,,,Lee,,United States,Florida,Lee
87764779,2021-06-19 5:58:28 PM EDT,6/19/2021,2021-06-19 21:58:28 UTC,Eastern Time (US & Canada),668735,elizabethgandy,Florida,2021-07-19 20:32:00 UTC,2021-11-29 17:32:51 UTC,research,,https://www.inaturalist.org/observations/87764779,https://inaturalist-open-data.s3.amazonaws.com/photos/144733217/medium.jpeg,,,Epiphytic in Quercus virginiana,2,0,FALSE,2,"Lake Wales, FL 33853, USA",27.9061358,-81.5724447,110,,,,110,,,FALSE,,,,Polk,,United States,Florida,Polk
89613532,2021/07/06 4:29 PM HST,7/6/2021,2021-07-07 02:29:00 UTC,Hawaii,321317,kevinfaccenda,Hawaii,2021-08-02 09:08:50 UTC,2021-08-05 02:06:01 UTC,research,CC-BY,https://www.inaturalist.org/observations/89613532,https://inaturalist-open-data.s3.amazonaws.com/photos/148005029/medium.jpg,,,,1,0,FALSE,,"Honolulu, Hawaii, United States",21.300325,-157.8185639,,,,,,,,FALSE,,,,Honolulu,,United States,Hawaii,Honolulu
90142771,2021/08/05 5:55 PM EDT,8/5/2021,2021-08-05 21:55:00 UTC,Eastern Time (US & Canada),349183,joemdo,Florida,2021-08-06 14:06:23 UTC,2021-08-09 12:19:07 UTC,research,CC-BY-NC,https://www.inaturalist.org/observations/90142771,https://inaturalist-open-data.s3.amazonaws.com/photos/148865938/medium.jpg,,,Jose Marti Park,1,0,FALSE,,"Little Havana, Miami, FL, USA",25.77018659,-80.19953642,15,,,,15,,,FALSE,,,,Miami-Dade,,United States,Florida,Miami-Dade
91183979,Sat Aug 14 2021 12:16:39 GMT -1000 (HST),8/14/2021,2021-08-14 22:16:39 UTC,Hawaii,4836944,jonathan_jewett,Hawaii,2021-08-14 22:16:48 UTC,2021-11-14 22:51:54 UTC,research,,https://www.inaturalist.org/observations/91183979,https://static.inaturalist.org/photos/150787297/medium.jpeg,,,,1,0,FALSE,333,Honolulu,21.31753349,-157.8591766,35,,,,35,,,FALSE,,,,Honolulu,,United States,Hawaii,Honolulu
98037309,Tue Oct 12 2021 15:52:30 GMT-0400 (EDT),10/12/2021,2021-10-12 19:52:30 UTC,Eastern Time (US & Canada),4024698,hgnatives,Florida,2021-10-12 19:59:24 UTC,2021-10-12 20:23:25 UTC,research,CC-BY-NC,https://www.inaturalist.org/observations/98037309,https://inaturalist-open-data.s3.amazonaws.com/photos/163147181/medium.jpg,,,,1,0,FALSE,3,"UHealth Tower, Miami, FL, US",25.78907167,-80.21585,39,,,,39,,,FALSE,,,,Miami-Dade,,United States,Florida,Miami-Dade
100631403,11/8/2021 17:21,11/8/2021,2021-11-08 22:21:20 UTC,Eastern Time (US & Canada),3777000,bio-joy-jane,Florida,2021-11-08 22:22:20 UTC,2021-11-09 14:41:46 UTC,research,CC-BY-NC,https://www.inaturalist.org/observations/100631403,https://inaturalist-open-data.s3.amazonaws.com/photos/167999675/medium.jpeg,,,,1,0,FALSE,2,"Flamingo / Lummus, Miami Beach, FL 33139, USA",25.78794077,-80.13184366,10,,,,10,,,FALSE,,,,Miami-Dade,,United States,Florida,Miami-Dade
101560875,Sat Nov 20 2021 11:59:45 GMT-0800 (PST),11/20/2021,2021-11-20 11:59:45 UTC,UTC,3382052,eternalblithe,California,2021-11-20 20:00:30 UTC,2022-01-22 22:30:09 UTC,research,CC-BY-NC,https://www.inaturalist.org/observations/101560875,https://inaturalist-open-data.s3.amazonaws.com/photos/169621434/medium.jpg,,,,2,0,FALSE,3,"Balboa Park, San Diego, CA, US",32.7292769,-117.1519258,4,,,,4,,,FALSE,,,,San Diego,,United States,California,San Diego
102550534,Sun Dec 05 2021 14:10:40 GMT -0500 (EST),12/5/2021,2021-12-05 19:10:40 UTC,Eastern Time (US & Canada),3602414,amanda1738,Florida,2021-12-05 19:10:49 UTC,2021-12-05 20:23:54 UTC,research,,https://www.inaturalist.org/observations/102550534,https://static.inaturalist.org/photos/171456991/medium.jpeg,,,,1,0,FALSE,333,Miami,25.70101357,-80.27789307,37,,,,37,,,FALSE,,,,Miami-Dade,,United States,Florida,Miami-Dade
104366734,Tue Jan 04 2022 10:17:23 GMT-1000 (HST),1/4/2022,2022-01-04 20:17:23 UTC,Hawaii,1314436,atp_synthaz3,Hawaii,2022-01-04 21:28:23 UTC,2022-01-04 22:21:40 UTC,research,,https://www.inaturalist.org/observations/104366734,https://static.inaturalist.org/photos/174861205/medium.jpg,,,,1,0,FALSE,3,"Kamanele Park, Honolulu, HI, US",21.30323833,-157.818755,4,,,,4,,,FALSE,,,,Honolulu,,United States,Hawaii,Honolulu
104555342,Fri Jan 07 2022 12:11:12 GMT-0500 (EST),1/7/2022,2022-01-07 17:11:12 UTC,Eastern Time (US & Canada),1853317,redadmiral98,Florida,2022-01-08 03:27:38 UTC,2022-01-08 05:03:01 UTC,research,CC-BY-NC,https://www.inaturalist.org/observations/104555342,https://inaturalist-open-data.s3.amazonaws.com/photos/175218690/medium.jpg,,,,1,0,FALSE,3,"NE 11th St, Miami, FL, US",25.78474667,-80.19321333,138,,,,138,,,FALSE,,,,Miami-Dade,,United States,Florida,Miami-Dade
104586164,12/31/2021 13:43,12/31/2021,2021-12-31 13:43:32 UTC,UTC,3531084,justinfoucart,Texas,2022-01-08 18:00:53 UTC,2022-04-29 22:24:06 UTC,research,,https://www.inaturalist.org/observations/104586164,https://static.inaturalist.org/photos/175277272/medium.jpeg,,,,1,0,FALSE,2,"Weslaco, TX, USA",26.14758757,-97.98993065,9,,,,9,,,FALSE,,,,Hidalgo,,United States,Texas,Hidalgo
104836345,2022/01/12 1:39 PM CST,1/12/2022,2022-01-12 19:39:00 UTC,Central Time (US & Canada),18812,mako252,Texas,2022-01-12 23:31:19 UTC,2022-01-13 23:25:23 UTC,research,CC-BY-NC,https://www.inaturalist.org/observations/104836345,https://inaturalist-open-data.s3.amazonaws.com/photos/175754926/medium.jpeg,,,,1,0,FALSE,,"Hidalgo County, TX, USA",26.12360661,-97.9581101,2,,,,2,,,FALSE,,,,Hidalgo,,United States,Texas,Hidalgo
106476300,2022/02/02 6:23 PM HST,2/2/2022,2022-02-03 04:23:00 UTC,Hawaii,321317,kevinfaccenda,Hawaii,2022-02-10 05:07:48 UTC,2022-02-10 05:54:56 UTC,research,CC-BY,https://www.inaturalist.org/observations/106476300,https://inaturalist-open-data.s3.amazonaws.com/photos/178871614/medium.jpg,,,,1,0,FALSE,,"Honolulu, Hawaii, United States",21.28965,-157.8449333,,,,,,,,FALSE,,,,Honolulu,,United States,Hawaii,Honolulu
106826451,2022/02/15 10:33 AM EST,2/15/2022,2022-02-15 15:33:00 UTC,Eastern Time (US & Canada),26405,obrock,Florida,2022-02-15 23:42:53 UTC,2022-02-16 01:55:11 UTC,research,CC-BY-NC,https://www.inaturalist.org/observations/106826451,https://inaturalist-open-data.s3.amazonaws.com/photos/179543260/medium.jpeg,,,,1,0,FALSE,,"Matheson Hammock Park, Coral Gables, FL, USA",25.67928087,-80.25667191,122,,,,122,,,FALSE,,,City of Coral Gables,Miami-Dade,,United States,Florida,Miami-Dade
107117138,Sat Feb 19 2022 13:25:10 GMT-1000 (HST),2/19/2022,2022-02-19 23:25:10 UTC,Hawaii,4059911,beautifulnerds,Hawaii,2022-02-20 16:58:26 UTC,2022-02-20 20:22:33 UTC,research,CC-BY-NC,https://www.inaturalist.org/observations/107117138,https://inaturalist-open-data.s3.amazonaws.com/photos/180095626/medium.jpg,,,Growing out of the side walk on Alakea St. near Beretania  St.,1,0,FALSE,3,"Oʻahu, Honolulu, HI, US",21.3098,-157.8582467,14,,,,14,,,FALSE,,,,Honolulu,,United States,Hawaii,Honolulu
108717150,2022/03/14 1:41 PM HST,3/14/2022,2022-03-14 23:41:00 UTC,Hawaii,321317,kevinfaccenda,Hawaii,2022-03-16 10:34:15 UTC,2022-03-17 04:12:06 UTC,research,CC-BY,https://www.inaturalist.org/observations/108717150,https://inaturalist-open-data.s3.amazonaws.com/photos/183099227/medium.jpg,,,,1,0,FALSE,,"Honolulu, Hawaii, United States",21.304023,-157.859836,,,,,,,,FALSE,,,,Honolulu,,United States,Hawaii,Honolulu
108845944,3/17/2022 13:11,3/17/2022,2022-03-17 18:11:38 UTC,Central Time (US & Canada),1030528,matthias55,Texas,2022-03-18 02:27:27 UTC,2022-07-13 18:53:40 UTC,research,CC0,https://www.inaturalist.org/observations/108845944,https://inaturalist-open-data.s3.amazonaws.com/photos/183342219/medium.jpeg,,,Vine,2,0,FALSE,2,"Progreso Lakes, TX 78596, USA",26.12624053,-97.95824379,8,,,,8,,,FALSE,,,,Hidalgo,,United States,Texas,Hidalgo
109894943,3/29/2022 17:23,3/29/2022,2022-03-30 03:23:06 UTC,Hawaii,141873,swafford,Hawaii,2022-03-30 03:31:04 UTC,2022-03-30 09:12:18 UTC,research,CC-BY-NC,https://www.inaturalist.org/observations/109894943,https://inaturalist-open-data.s3.amazonaws.com/photos/185302500/medium.jpeg,,,,1,0,FALSE,2,"Lahaina, HI, USA",20.88305556,-156.6869444,,,,,,,,FALSE,gps,gps,,Maui,,United States,Hawaii,Maui
109895048,3/29/2022 17:23,3/29/2022,2022-03-30 03:23:06 UTC,Hawaii,141873,swafford,Hawaii,2022-03-30 03:33:20 UTC,2022-03-30 09:12:15 UTC,research,CC-BY-NC,https://www.inaturalist.org/observations/109895048,https://inaturalist-open-data.s3.amazonaws.com/photos/185302736/medium.jpeg,,,,1,0,FALSE,2,"Lahaina, HI, USA",20.88305556,-156.6869444,,,,,,,,FALSE,gps,gps,,Maui,,United States,Hawaii,Maui
113980731,2022-04-30 17:44:01-04:00,4/30/2022,2022-04-30 21:44:01 UTC,Eastern Time (US & Canada),2831185,ceherzog,Florida,2022-04-30 21:44:33 UTC,2022-05-08 21:07:08 UTC,research,CC-BY,https://www.inaturalist.org/observations/113980731,https://inaturalist-open-data.s3.amazonaws.com/photos/192513988/medium.jpg,,,,1,0,FALSE,3,"Siesta Key, Sarasota, FL, US",27.27004768,-82.55660086,8,,,,8,,,FALSE,,,,Sarasota,,United States,Florida,Sarasota
114525769,4/30/2022 14:48,4/30/2022,2022-04-30 19:48:00 UTC,Central Time (US & Canada),12103,johnyochum,Texas,2022-05-02 02:38:32 UTC,2022-07-13 16:51:17 UTC,research,CC-BY,https://www.inaturalist.org/observations/114525769,https://inaturalist-open-data.s3.amazonaws.com/photos/193382061/medium.jpg,,,,1,0,FALSE,,"Hidalgo, Texas, United States",26.1262954,-97.9581932,,,,,,,,FALSE,,,,Hidalgo,,United States,Texas,Hidalgo
115005210,5/2/2022 11:50,5/2/2022,2022-05-02 16:50:00 UTC,Central Time (US & Canada),18812,mako252,Texas,2022-05-03 02:50:02 UTC,2022-08-12 13:00:54 UTC,research,CC-BY-NC,https://www.inaturalist.org/observations/115005210,https://inaturalist-open-data.s3.amazonaws.com/photos/194140956/medium.jpeg,,,,1,0,FALSE,,"Hidalgo County, TX, USA",26.12358394,-97.9580869,2,,,,2,,,FALSE,,,,Hidalgo,,United States,Texas,Hidalgo
115153567,4/22/2022,4/22/2022,,Central Time (US & Canada),2033687,greenjay6,Texas,2022-05-03 16:45:05 UTC,2022-07-13 18:03:02 UTC,research,CC-BY-NC,https://www.inaturalist.org/observations/115153567,https://inaturalist-open-data.s3.amazonaws.com/photos/194381422/medium.jpg,,,,1,0,FALSE,,"Estero Llano Grande State Park, Weslaco, TX 78596, USA",26.1271024,-97.9580927,206,,,,206,,,FALSE,,,,Hidalgo,,United States,Texas,Hidalgo
115240885,5/3/2022 13:27,5/3/2022,2022-05-03 23:27:20 UTC,Hawaii,1601307,brothernature627,Hawaii,2022-05-03 23:29:10 UTC,2022-05-03 23:38:55 UTC,research,CC-BY-NC,https://www.inaturalist.org/observations/115240885,https://inaturalist-open-data.s3.amazonaws.com/photos/194524100/medium.jpeg,,,,1,0,FALSE,2,"Manoa, Honolulu, HI, USA",21.298524,-157.817686,,,,,,,,FALSE,gps,gps,,Honolulu,,United States,Hawaii,Honolulu
115632443,5/2/2022 19:48,5/2/2022,2022-05-02 23:48:00 UTC,Eastern Time (US & Canada),349183,joemdo,Florida,2022-05-05 21:30:44 UTC,2022-08-15 23:25:44 UTC,research,CC-BY-NC,https://www.inaturalist.org/observations/115632443,https://inaturalist-open-data.s3.amazonaws.com/photos/195155004/medium.jpg,,,At Mykonos Greek restaurant. A common invasive fig,2,0,FALSE,,"Coral Way, Miami, FL, USA",25.75134003,-80.21471158,6,,,,6,,,FALSE,,,,Miami-Dade,,United States,Florida,Miami-Dade
115820018,2022-05-06 19:54:22-04:00,5/6/2022,2022-05-06 23:54:22 UTC,Eastern Time (US & Canada),982606,nagu,Florida,2022-05-06 23:54:44 UTC,2022-08-15 18:17:12 UTC,research,,https://www.inaturalist.org/observations/115820018,https://static.inaturalist.org/photos/195474856/medium.jpg,,,,2,0,FALSE,3,"B Rd, Loxahatchee Groves, FL, US",26.72127091,-80.285721,183,,,,183,,,FALSE,,,,Palm Beach,,United States,Florida,Palm Beach
117103137,5/14/2022 15:11,5/14/2022,2022-05-15 01:11:00 UTC,Hawaii,321317,kevinfaccenda,Hawaii,2022-05-15 08:27:57 UTC,2022-05-15 09:20:58 UTC,research,CC-BY,https://www.inaturalist.org/observations/117103137,https://inaturalist-open-data.s3.amazonaws.com/photos/197732357/medium.jpg,,,,1,0,FALSE,,"Honolulu, Hawaii, United States",21.278717,-157.785344,,,,,,,,FALSE,,,,Honolulu,,United States,Hawaii,Honolulu
122622361,6/15/2022 14:01,6/15/2022,2022-06-16 00:01:00 UTC,Hawaii,321317,kevinfaccenda,Hawaii,2022-06-20 09:06:03 UTC,2022-06-20 19:30:32 UTC,research,CC-BY,https://www.inaturalist.org/observations/122622361,https://inaturalist-open-data.s3.amazonaws.com/photos/207634382/medium.jpg,,,,1,0,FALSE,,"Honolulu, Hawaii, United States",21.282315,-157.831174,,,,,,,,FALSE,,,,Honolulu,,United States,Hawaii,Honolulu
123031993,6/22/2022 17:16,6/22/2022,2022-06-22 21:16:00 UTC,Eastern Time (US & Canada),5462847,waterfowl,Florida,2022-06-23 01:53:53 UTC,2022-07-14 14:49:47 UTC,research,CC-BY-ND,https://www.inaturalist.org/observations/123031993,https://inaturalist-open-data.s3.amazonaws.com/photos/208375405/medium.jpeg,,,,1,0,FALSE,,"9610 Old Cutler Road, Coral Gables, FL 33156, USA",25.6792277,-80.2566025,203,,,,203,,,FALSE,,,City of Coral Gables,Miami-Dade,,United States,Florida,Miami-Dade
123638986,6/26/2022 21:36,6/26/2022,2022-06-27 02:36:43 UTC,Central Time (US & Canada),5736059,germ5,Texas,2022-06-27 02:37:00 UTC,2022-07-12 13:17:43 UTC,research,,https://www.inaturalist.org/observations/123638986,https://static.inaturalist.org/photos/209471202/medium.jpeg,,,,3,0,FALSE,2,"Hidalgo, TX, USA",26.0962545,-98.2420615,26,,,,26,,,FALSE,,,,Hidalgo,,United States,Texas,Hidalgo
126124066,2022-07-13 11:46:59-10:00,7/13/2022,2022-07-13 21:46:59 UTC,Hawaii,1314436,atp_synthaz3,Hawaii,2022-07-13 21:47:33 UTC,2022-07-14 13:07:31 UTC,research,,https://www.inaturalist.org/observations/126124066,https://static.inaturalist.org/photos/213961036/medium.jpg,,,,3,0,FALSE,3,"Oʻahu, Honolulu, HI, US",21.30990333,-157.8584583,25,,,,25,,,FALSE,,,,Honolulu,,United States,Hawaii,Honolulu
126588056,7/13/2022 13:44,7/13/2022,2022-07-13 17:44:00 UTC,Eastern Time (US & Canada),349183,joemdo,Florida,2022-07-17 03:25:16 UTC,2022-08-15 23:28:11 UTC,research,CC-BY-NC,https://www.inaturalist.org/observations/126588056,https://inaturalist-open-data.s3.amazonaws.com/photos/214799632/medium.jpg,,,"Growing on landscaped palm

Location accurate, small island on Ponce

Seen during a solo bioblitz of Northeast Coral Gables. I specifically tried to find vacant lots and undeveloped green patches.

All my observations from today here: https://www.inaturalist.org/observations?on=2022-07-13&order=asc&order_by=observed_on&place_id=any&user_id=joemdo",1,0,FALSE,,"Flagler, Coral Gables, FL 33134, USA",25.76559113,-80.25807171,15,,,,15,,,FALSE,,,City of Coral Gables,Miami-Dade,,United States,Florida,Miami-Dade
126715424,2022-07-17 16:41:03-04:00,7/17/2022,2022-07-17 20:41:03 UTC,Eastern Time (US & Canada),1067109,emmytang,Florida,2022-07-17 21:28:10 UTC,2022-07-18 22:46:09 UTC,research,CC-BY-NC,https://www.inaturalist.org/observations/126715424,https://inaturalist-open-data.s3.amazonaws.com/photos/215031327/medium.jpg,,,,2,0,FALSE,3,"SW 165th St, Palmetto Bay, FL, US",25.61724167,-80.3432,14,,,,14,,,FALSE,,,,Miami-Dade,,United States,Florida,Miami-Dade
126820151,2022-07-18 11:06:11-04:00,7/18/2022,2022-07-18 15:06:11 UTC,Eastern Time (US & Canada),3983269,jcriscarre,Florida,2022-07-18 15:08:21 UTC,2022-07-18 21:01:21 UTC,research,CC-BY-NC,https://www.inaturalist.org/observations/126820151,https://inaturalist-open-data.s3.amazonaws.com/photos/215224121/medium.jpg,,,,1,0,FALSE,3,"Bird Rd, Coral Gables, FL, US",25.73419667,-80.28215833,11,,,,11,,,FALSE,,,City of Coral Gables,Miami-Dade,,United States,Florida,Miami-Dade
131301786,2022-08-17 12:09:12-04:00,8/17/2022,2022-08-17 16:09:12 UTC,Eastern Time (US & Canada),1106551,adamold,Florida,2022-08-18 06:31:12 UTC,2022-08-18 13:43:38 UTC,research,CC0,https://www.inaturalist.org/observations/131301786,https://inaturalist-open-data.s3.amazonaws.com/photos/223425225/medium.jpg,,,,1,0,FALSE,3,"N Miami Ave, Miami, FL, US",25.79431667,-80.19518333,3,,,,3,,,FALSE,,,,Miami-Dade,,United States,Florida,Miami-Dade
131909791,Mon Aug 22 2022 13:34:48 GMT-0400 (EDT),8/22/2022,2022-08-22 17:34:48 UTC,Eastern Time (US & Canada),1584462,mamounfriedrichgrosvenor,Florida,2022-08-22 17:35:39 UTC,2022-08-22 18:42:00 UTC,research,,https://www.inaturalist.org/observations/131909791,https://static.inaturalist.org/photos/224552074/medium.jpg,,,,1,0,FALSE,3,"S Dadeland Blvd, Miami, FL, US",25.6851791,-80.31407482,41,,,,41,,,FALSE,,,,Miami-Dade,,United States,Florida,Miami-Dade
132141872,2022-08-24 10:23:56-04:00,8/24/2022,2022-08-24 14:23:56 UTC,Eastern Time (US & Canada),1106551,adamold,Florida,2022-08-24 14:25:32 UTC,2022-08-24 15:56:35 UTC,research,CC0,https://www.inaturalist.org/observations/132141872,https://inaturalist-open-data.s3.amazonaws.com/photos/224986456/medium.jpg,,,,1,0,FALSE,3,"NE 79th St, Miami, FL, US",25.84753833,-80.1914,3,,,,3,,,FALSE,,,,Miami-Dade,,United States,Florida,Miami-Dade
